{
  "spec": {
    "application": "agricultural_drone",
    "spec_c_rate": 3.0,
    "targets": {
      "min_specific_energy_Wh_kg": 240,
      "min_rate_capability": 0.5,
      "max_temp_rise_C": 45
    }
  },
  "grid": {
    "thks": [
      50.0,
      54.166666666666664,
      58.333333333333336,
      62.5,
      66.66666666666667,
      70.83333333333334,
      75.0,
      79.16666666666667,
      83.33333333333334,
      87.5,
      91.66666666666667,
      95.83333333333334,
      100.0
    ],
    "pors": [
      0.25,
      0.27,
      0.29,
      0.31,
      0.33,
      0.35,
      0.37,
      0.39,
      0.41000000000000003,
      0.43,
      0.45
    ],
    "energy": [
      [
        250.2556966694111,
        256.9710497834787,
        263.02066801284906,
        268.49887366195816,
        273.4829742947381,
        278.0369337780892,
        282.2141321800207,
        286.0594678772051,
        289.6109777903766,
        292.90109987627375,
        295.9576667588337,
        298.8046950094298,
        301.46301748268183
      ],
      [
        247.0961141125625,
        253.8249400551995,
        259.8911591996884,
        265.3880519409843,
        270.3921743863434,
        274.966945693581,
        279.165350017084,
        283.031997933402,
        286.6047177612878,
        289.91579727121564,
        292.9929622294352,
        295.86015462705654,
        298.53815685603735
      ],
      [
        243.84403733440814,
        250.58418476022925,
        256.66521954575484,
        262.1793158799341,
        267.2022265332224,
        271.79678389964243,
        276.0155419642556,
        279.9027954634473,
        283.49614105050034,
        286.82769724997337,
        289.9250671479786,
        292.8121049631791,
        295.5095315801617
      ],
      [
        240.49534446254333,
        247.24444779054247,
        253.33832226349503,
        258.86796872402005,
        263.90828220628686,
        268.52146407495104,
        272.7596019604951,
        276.6666450399678,
        280.27993377826067,
        283.63139712598394,
        286.7484985635473,
        289.65499038441425,
        292.3715200833108
      ],
      [
        237.0456650178477,
        243.8011240568118,
        249.90565272446713,
        255.44900844544884,
        260.5051715010343,
        265.135665649589,
        269.3920739535739,
        273.317968538242,
        276.95040760947745,
        280.3211088657845,
        283.4573780781038,
        286.38285043279285,
        289.11808725203485
      ],
      [
        233.49036088445206,
        240.24931830274744,
        246.36208521141953,
        251.9171025316251,
        256.98737606169294,
        261.63370296393657,
        265.9071213898903,
        269.8507930494423,
        273.5014661786124,
        276.89062410916796,
        280.04539554080657,
        282.9892822684372,
        285.74274569183416
      ],
      [
        229.82450550450162,
        236.5838218850253,
        242.70215738019132,
        248.2665602327669,
        253.34899922108332,
        258.009493407201,
        262.2984934560138,
        266.2587153261783,
        269.92656783603576,
        273.3332753085307,
        276.50576866767517,
        279.4673988519643,
        282.238512549883
      ],
      [
        226.0428611014696,
        232.79908728717513,
        238.92004216382904,
        244.4913019651531,
        249.58373301634035,
        254.25652216000074,
        258.55948766120036,
        262.5348623150961,
        266.218684236905,
        269.6418924756363,
        272.8311980429082,
        275.8097822919473,
        278.5978612951442
      ],
      [
        222.1398537105789,
        228.88920010516662,
        235.00951681497438,
        240.58482552397777,
        245.68482169238266,
        250.3678031110896,
        254.68290828967528,
        258.67184726473505,
        262.37025422100925,
        265.808754945411,
        269.01381687364085,
        272.00843169243575,
        274.8126677551586
      ],
      [
        218.10954576599684,
        224.84784820715242,
        230.9639287405868,
        236.54016871083624,
        241.64502124892144,
        246.33583545495108,
        250.66102018082177,
        254.66172081888064,
        258.37313234677686,
        261.8255374739202,
        265.0451347703302,
        268.0547047289128,
        270.8741495952668
      ],
      [
        213.9456059612747,
        220.66828772913155,
        226.77615773443102,
        232.3498679239717,
        237.45655452140818,
        242.15255540295465,
        246.48549721262324,
        250.49591641407216,
        254.21853134229178,
        257.6832498785995,
        260.915974707237,
        263.9392520548102,
        266.77279829136125
      ]
    ],
    "feasible": [
      [
        1,
        1,
        1,
        1,
        0,
        0,
        0,
        0,
        0,
        0,
        0,
        0,
        0
      ],
      [
        1,
        1,
        1,
        1,
        1,
        0,
        0,
        0,
        0,
        0,
        0,
        0,
        0
      ],
      [
        1,
        1,
        1,
        1,
        1,
        1,
        0,
        0,
        0,
        0,
        0,
        0,
        0
      ],
      [
        1,
        1,
        1,
        1,
        0,
        1,
        0,
        0,
        0,
        0,
        0,
        0,
        0
      ],
      [
        0,
        1,
        1,
        1,
        1,
        1,
        1,
        0,
        0,
        0,
        0,
        0,
        0
      ],
      [
        0,
        1,
        1,
        1,
        1,
        1,
        1,
        1,
        0,
        0,
        0,
        0,
        0
      ],
      [
        0,
        0,
        1,
        1,
        1,
        1,
        1,
        1,
        1,
        0,
        0,
        0,
        0
      ],
      [
        0,
        0,
        0,
        1,
        1,
        1,
        1,
        1,
        1,
        1,
        0,
        0,
        0
      ],
      [
        0,
        0,
        0,
        1,
        1,
        1,
        1,
        1,
        1,
        1,
        1,
        0,
        0
      ],
      [
        0,
        0,
        0,
        0,
        1,
        1,
        1,
        1,
        1,
        1,
        1,
        1,
        0
      ],
      [
        0,
        0,
        0,
        0,
        0,
        1,
        1,
        1,
        1,
        1,
        1,
        1,
        1
      ]
    ]
  },
  "trajectory": [
    {
      "thickness": 79.64223091125092,
      "porosity": 0.4188531497162035,
      "feasible": true,
      "specific_energy": 257.3522235995299,
      "capacity": 23.66446028108093,
      "energy_density": 640.6633223644259,
      "rate": 0.9293240047939175,
      "temp": 29.09404477140572
    },
    {
      "thickness": 92.89728088113785,
      "porosity": 0.4194503477568251,
      "feasible": true,
      "specific_energy": 268.0654575756831,
      "capacity": 27.574628510541107,
      "energy_density": 669.6749932060629,
      "rate": 0.7257853291554829,
      "temp": 41.90259534236526
    },
    {
      "thickness": 81.17818483929862,
      "porosity": 0.32687634145854,
      "feasible": false,
      "specific_energy": 275.6353949930935,
      "capacity": 27.938397368356505,
      "energy_density": 707.8368904303072,
      "rate": 0.4752400674745264,
      "temp": 50.69136283239959
    },
    {
      "thickness": 64.87673032722361,
      "porosity": 0.26134259546348865,
      "feasible": true,
      "specific_energy": 269.6520521249998,
      "capacity": 24.501874355181737,
      "energy_density": 700.2442812843918,
      "rate": 0.5880295464074632,
      "temp": 40.75871589484325
    },
    {
      "thickness": 63.63281472900566,
      "porosity": 0.34553302346427,
      "feasible": true,
      "specific_energy": 254.1389811448523,
      "capacity": 21.29296648358156,